district,state,population,male_population,female_population,literate_population,literacy_rate,gender_ratio,literacy_index,population_weight
kupwara,jammu and kashmir,870354,474190,396164,439654,50.51438839828391,835.4541428541302,0.5051438839828392,0.07869279868587653
badgam,jammu and kashmir,753745,398041,355704,335649,44.53084265898944,893.636585175899,0.44530842658989445,0.06814963054743933
leh(ladakh),jammu and kashmir,133487,78971,54516,93770,70.24654086165694,690.329361411151,0.7024654086165694,0.01206918750092675
kargil,jammu and kashmir,140802,77785,63017,86236,61.246289115211425,810.1433438323584,0.6124628911521143,0.012730571055649526
punch,jammu and kashmir,476835,251899,224936,261724,54.88774943114495,892.9610677295266,0.5488774943114495,0.04311289505348392
rajouri,jammu and kashmir,642415,345351,297064,364109,56.678159756543664,860.1799328798816,0.5667815975654367,0.05808376162778292
kathua,jammu and kashmir,616435,326109,290326,389204,63.1378815284661,890.2728842196934,0.631378815284661,0.05573478763575316
baramula,jammu and kashmir,1008039,534733,473306,545149,54.080149676748626,885.1258478530407,0.5408014967674862,0.09114154711130448
bandipore,jammu and kashmir,392232,207680,184552,185979,47.41556017866977,888.6363636363636,0.4741556017866977,0.03546353990923087
srinagar,jammu and kashmir,1236829,651124,585705,748584,60.52445406761969,899.5291219491219,0.6052445406761969,0.11182752708191608
ganderbal,jammu and kashmir,297446,158720,138726,143276,48.168743234066014,874.0297379032259,0.48168743234066014,0.026893491841158003
pulwama,jammu and kashmir,560440,293064,267376,293958,52.451288273499394,912.3467911445964,0.524512882734994,0.0506720163238322
shupiyan,jammu and kashmir,266215,136480,129735,136500,51.27434592340777,950.5788393903869,0.5127434592340777,0.02406975024204016
anantnag,jammu and kashmir,1078692,559767,518925,545532,50.57347231647217,927.0374995310549,0.5057347231647217,0.09752961714436371
kulgam,jammu and kashmir,424483,217620,206863,209085,49.25638953739019,950.5698005698006,0.49256389537390194,0.038379504505726324
doda,jammu and kashmir,409936,213641,196295,219083,53.443220405136415,918.8077194920451,0.5344322040513642,0.037064241816655616
ramban,jammu and kashmir,283713,149132,134581,124065,43.72905013164712,902.4287208647372,0.4372905013164712,0.025651826720582763
kishtwar,jammu and kashmir,230696,120165,110531,107506,46.60072129555779,919.8269046727416,0.4660072129555779,0.020858310395123102
udhampur,jammu and kashmir,554985,296784,258201,322354,58.083371622656465,869.9963609898108,0.5808337162265647,0.05017880411726859
reasi,jammu and kashmir,314667,166461,148206,150542,47.84168660838283,890.3346729864653,0.4784168660838283,0.02845052344688335
jammu,jammu and kashmir,1529958,813821,716137,1137135,74.32458930245144,879.9686909037737,0.7432458930245144,0.13833069864887884
samba,jammu and kashmir,318898,169124,149774,228139,71.53980269553274,885.5869066483764,0.7153980269553274,0.028833068056593816
chamba,himachal pradesh,519080,261320,257760,323842,62.3876859058334,986.3768559620388,0.623876859058334,0.04693246419487334
kangra,himachal pradesh,1510075,750591,759484,1152640,76.32998361008559,1011.8479971116094,0.7632998361008559,0.1365329831029386
lahul and spiti,himachal pradesh,31564,16588,14976,21845,69.20859206691166,902.8213166144201,0.6920859206691167,0.002853849695320533
kullu,himachal pradesh,437903,225452,212451,307672,70.26030878984615,942.3336231215513,0.7026030878984615,0.0395928698241651
mandi,himachal pradesh,999777,498065,501712,723747,72.39084315802424,1007.3223374459157,0.7239084315802424,0.09039454083254582
hamirpur,himachal pradesh,454768,217070,237698,358091,78.74146817718045,1095.0292532362832,0.7874146817718045,0.041117713795511594
una,himachal pradesh,521173,263692,257481,399715,76.69526241766171,976.4460051878707,0.7669526241766171,0.047121702168904066
bilaspur,himachal pradesh,381956,192764,189192,287620,75.3018672307805,981.469569006661,0.7530186723078051,0.034534438418003084
solan,himachal pradesh,580320,308754,271566,428578,73.85201268265784,879.5545968635224,0.7385201268265784,0.05246946062566251
sirmaur,himachal pradesh,529855,276289,253566,362645,68.44230968849968,917.7564072402448,0.6844230968849968,0.047906682623053504
shimla,himachal pradesh,814010,425039,388971,612642,75.26222036584316,915.1419046252227,0.7526222036584316,0.0735984726424999
kinnaur,himachal pradesh,84121,46249,37872,60699,72.15677417054005,818.8717593893922,0.7215677417054005,0.007605775257256956
gurdaspur,punjab,2298323,1212617,1085706,1634719,71.12659969899792,895.3412330521509,0.7112659969899792,0.2078021921587306
kapurthala,punjab,815168,426311,388857,576567,70.72983728507498,912.1439512468596,0.7072983728507498,0.07370317286893449
jalandhar,punjab,2193590,1145211,1048379,1622537,73.96719532820627,915.4461492249027,0.7396719532820627,0.1983327890368194
hoshiarpur,punjab,1586625,809057,777568,1199699,75.61326715512487,961.0793800684006,0.7561326715512487,0.14345422864142504
shahid bhagat singh nagar,punjab,612310,313291,299019,438459,71.6073557511718,954.4449090462223,0.716073557511718,0.055361826984593694
fatehgarh sahib,punjab,600163,320795,279368,426033,70.98621541147988,870.8614535762714,0.7098621541147988,0.05426355958347031
ludhiana,punjab,3498739,1867816,1630923,2560225,73.17564985556224,873.1711260638093,0.7317564985556224,0.31633744864896923
moga,punjab,995746,525920,469826,627889,63.057145095235136,893.3411925768178,0.6305714509523513,0.09003007916349763
firozpur,punjab,2029074,1071637,957437,1227511,60.49611793359927,893.434063960091,0.6049611793359927,0.1834581237068437
muktsar,punjab,901896,475622,426274,524848,58.19384940170485,896.2453376841273,0.5819384940170486,0.08154465925772422
faridkot,punjab,617508,326671,290837,381285,61.745758759400694,890.3055367632878,0.6174575875940069,0.05583180261240627
bathinda,punjab,1388525,743197,645328,844868,60.84643776669487,868.313515797292,0.6084643776669487,0.12554307591543984
mansa,punjab,769751,408732,361019,423560,55.025586196055606,883.2658074239355,0.5502558619605561,0.06959680828864134
patiala,punjab,1895686,1002522,893164,1266791,66.82493830729351,890.9171070560049,0.668249383072935,0.17139788726154478
amritsar,punjab,2490656,1318408,1172248,1684770,67.6436248120977,889.1390222146711,0.676436248120977,0.22519192329071908
tarn taran,punjab,1119627,589369,530258,666162,59.498565147142756,899.7045993257195,0.5949856514714276,0.10123074302441523
rupnagar,punjab,684627,357485,327142,502731,73.43137211941685,915.1209141642307,0.7343137211941685,0.061900347083963074
sahibzada ajit singh nagar,punjab,994628,529253,465375,736575,74.05532520701207,879.3053605742433,0.7405532520701208,0.08992899552519551
sangrur,punjab,1655169,878029,777140,1002077,60.54227695177955,885.0960503582455,0.6054227695177955,0.14965161406520058
barnala,punjab,595527,317522,278005,359831,60.42228144147956,875.5456314838027,0.6042228144147956,0.05384439701891874
chandigarh,chandigarh,1055450,580663,474787,805438,76.31228385996495,817.6636017793454,0.7631228385996495,0.09542819861000051
uttarkashi,uttarakhand,330086,168597,161489,215126,65.17271256581618,957.8402937181563,0.6517271256581618,0.029844627757241584
chamoli,uttarakhand,391605,193991,197614,280556,71.6425990475096,1018.6761241500894,0.716425990475096,0.03540684989025463
rudraprayag,uttarakhand,242285,114589,127696,170933,70.55038487731392,1114.3827068915864,0.7055038487731392,0.021906126391798734
tehri garhwal,uttarakhand,618931,297986,320945,407994,65.91914122898999,1077.047243830247,0.6591914122898999,0.055960462735218375
dehradun,uttarakhand,1696694,892199,804495,1259506,74.23294948882946,901.6990604114104,0.7423294948882946,0.1534060846202058
garhwal,uttarakhand,687271,326829,360442,494889,72.00783970224263,1102.8458306943387,0.7200783970224264,0.06213940355951837
pithoragarh,uttarakhand,483439,239306,244133,345550,71.47747699296086,1020.1708273089685,0.7147747699296086,0.0437099937541523
bageshwar,uttarakhand,259898,124326,135572,179483,69.0590154599112,1090.4557373357143,0.690590154599112,0.023498600561222147
almora,uttarakhand,622506,291081,331425,436497,70.11932415109253,1138.6005957104724,0.7011932415109253,0.05628369529955657
champawat,uttarakhand,259648,131125,128523,177726,68.44882302193739,980.1563393708293,0.6844882302193739,0.023475996885394302
nainital,uttarakhand,954605,493666,460939,696500,72.96211522043149,933.7061900151115,0.7296211522043149,0.08631032785456397
udham singh nagar,uttarakhand,1648902,858783,790119,1037839,62.94121785284996,920.0449939041644,0.6294121785284996,0.14908498511954812
hardwar,uttarakhand,1890422,1005295,885127,1178354,62.3328547805728,880.4649381524827,0.623328547805728,0.17092194426331367
panchkula,haryana,561293,299679,261614,405318,72.2114831291322,872.9807560756676,0.722114831291322,0.05074914006575681
ambala,haryana,1128350,598703,529647,818025,72.49745203172775,884.6573342709156,0.7249745203172775,0.10201943048140043
yamunanagar,haryana,1214205,646718,567487,832457,68.55983956580644,877.4875602658345,0.6855983956580645,0.10978198483419932
kurukshetra,haryana,964655,510976,453679,646893,67.05951868802836,887.8675319388778,0.6705951868802836,0.08721899562284338
kaithal,haryana,1074304,571003,503301,646529,60.18119638389133,881.4331973737442,0.6018119638389133,0.09713287742623336
karnal,haryana,1505324,797712,707612,978013,64.97026553751883,887.0519686302825,0.6497026553751882,0.1361034228475062
panipat,haryana,1205437,646857,558580,786599,65.25426048810515,863.52934265224,0.6525426048810514,0.10898922871556511
sonipat,haryana,1450001,781299,668702,998316,68.84933182804701,855.8848789003953,0.6884933182804701,0.1311014102162105
jind,haryana,1334152,713006,621146,832758,62.41852502563427,871.1651795356561,0.6241852502563426,0.12062695725228993
fatehabad,haryana,942011,495360,446651,557578,59.19017930788494,901.6694928940568,0.5919017930788494,0.0851716450810604
sirsa,haryana,1295189,682582,612607,782897,60.446544867196984,897.4848443117456,0.6044654486719698,0.11710412916716847
hisar,haryana,1743931,931562,812369,1114311,63.89650737328484,872.05038419343,0.6389650737328484,0.15767700396052567
bhiwani,haryana,1634445,866672,767773,1069871,65.45775477302693,885.8864714678679,0.6545775477302693,0.14777785975377544
rohtak,haryana,1061204,568479,492725,747582,70.44658708410448,866.7426589196787,0.7044658708410448,0.09594844481285422
jhajjar,haryana,958405,514667,443738,676091,70.5433506711672,862.1846747508583,0.705433506711672,0.08665390372714724
mahendragarh,haryana,922088,486665,435423,630255,68.35085154562255,894.7078585885569,0.6835085154562255,0.08337031294698768
rewari,haryana,900332,474335,425997,636947,70.74579155244955,898.0931198414622,0.7074579155244954,0.08140325066174521
gurgaon,haryana,1514432,816690,697742,1111116,73.3684972319655,854.3535490822711,0.733684972319655,0.1369269199652663
mewat,haryana,1089263,571162,518101,454897,41.76190690402593,907.0999121089989,0.41761906904025925,0.09848539097306835
faridabad,haryana,1809733,966110,843623,1272739,70.32744609287668,873.2163004212771,0.7032744609287669,0.16362647226782137
palwal,haryana,1042708,554497,488211,599796,57.522911495835835,880.4574235748795,0.5752291149583584,0.09427613446040686
north west,nct of delhi,3656539,1960922,1695617,2707855,74.05513793234532,864.7039504885968,0.7405513793234532,0.3306048888315057
north,nct of delhi,887978,475002,412976,681517,76.7493113568129,869.4194971810645,0.767493113568129,0.08028626741703637
north east,nct of delhi,2241624,1188425,1053199,1611588,71.89376987398421,886.2141069061994,0.7189376987398421,0.20267576889567843
east,nct of delhi,1709346,907500,801846,1352998,79.15296259505097,883.5768595041322,0.7915296259505097,0.15455001144650143
new delhi,nct of delhi,142004,77942,64062,114179,80.40548153573138,821.9188627440917,0.8040548153573138,0.01283924952902981
central,nct of delhi,582320,307821,274499,442360,75.96510509685397,891.7487760744068,0.7596510509685398,0.05265029003228528
west,nct of delhi,2543243,1356240,1187003,1961179,77.11331555812795,875.2160384592697,0.7711331555812795,0.22994656129375485
south west,nct of delhi,2292958,1246046,1046912,1787689,77.9643150899406,840.1872804053783,0.779643150899406,0.20731711727546503
south,nct of delhi,2731929,1467428,1264501,2078402,76.07818504800088,861.712465620119,0.7607818504800088,0.2470065500027667
ganganagar,rajasthan,1969168,1043340,925828,1193343,60.6013808877658,887.3694097801292,0.606013808877658,0.1780417404902719
hanumangarh,rajasthan,1774692,931184,843508,1034136,58.271294399253506,905.8446021409302,0.582712943992535,0.16045825064908714
bikaner,rajasthan,2363937,1240801,1123136,1278801,54.09623860534354,905.170128006022,0.5409623860534354,0.21373466250180378
churu,rajasthan,2039547,1051446,988101,1149269,56.34922852966859,939.7543953755114,0.5634922852966859,0.18440503689462384
jhunjhunun,rajasthan,2137045,1095896,1041149,1370360,64.12405915645202,950.0436172775519,0.6412405915645202,0.19322028963807716
alwar,rajasthan,3674179,1939026,1735153,2182476,59.40037216477477,894.8580369732019,0.5940037216477477,0.3321998041979185
bharatpur,rajasthan,2548462,1355726,1192736,1480869,58.108341423179944,879.7765920252323,0.5810834142317994,0.23041843563033695
dhaulpur,rajasthan,1206516,653647,552869,683098,56.617400846735556,845.821980365549,0.5661740084673555,0.10908678618043809
karauli,rajasthan,1458248,783639,674609,805849,55.26145072717398,860.8670574078116,0.5526145072717398,0.13184706027441948
sawai madhopur,rajasthan,1335551,704031,631520,741748,55.53872521528568,897.005955703655,0.5553872521528568,0.12075344742222256
dausa,rajasthan,1634409,857787,776622,938051,57.39389589753849,905.378607976106,0.5739389589753849,0.14777460482445623
jaipur,rajasthan,6626178,3468507,3157671,4300965,64.90868491610095,910.3833436115308,0.6490868491610096,0.5991039179584216
sikar,rajasthan,2677333,1374990,1302343,1652117,61.7075649536311,947.1654339304287,0.617075649536311,0.24207026886077834
nagaur,rajasthan,3307743,1696325,1611418,1758624,53.16688751211929,949.9465019969641,0.5316688751211929,0.2990686019753081
jodhpur,rajasthan,3687165,1923928,1763237,2031532,55.09739867893083,916.4776436540245,0.5509739867893083,0.33337392953512013
jaisalmer,rajasthan,669919,361708,308211,308653,46.07318198170226,852.0989306291262,0.4607318198170226,0.06057052762765923
barmer,rajasthan,2603751,1369022,1234729,1188322,45.63884949060029,901.905886099712,0.4563884949060029,0.23541737416172007
jalor,rajasthan,1828730,936634,892096,829582,45.36383173021715,952.4488754412076,0.4536383173021715,0.16534408038662773
sirohi,rajasthan,1036346,534231,502115,476806,46.008379440843115,939.8836832755868,0.46008379440843117,0.09370091611793983
pali,rajasthan,2037573,1025422,1012151,1085693,53.28363695435697,987.0580112383,0.5328363695435697,0.18422655827028717
ajmer,rajasthan,2583052,1324085,1258967,1526673,59.10345591184382,950.8203778458331,0.5910345591184382,0.23354588021787773
tonk,rajasthan,1421326,728136,693190,749659,52.743635168849366,952.0062186184999,0.5274363516884937,0.12850876859875654
bundi,rajasthan,1110906,577160,533746,585044,52.66368171564471,924.7799570309793,0.5266368171564471,0.10044223639683664
bhilwara,rajasthan,2408523,1220736,1187787,1256126,52.15337366510513,973.0089061025479,0.5215337366510513,0.21776589246364514
rajsamand,rajasthan,1156597,581339,575258,619139,53.53109164211908,989.5396661844466,0.5353109164211908,0.1045733746058371
dungarpur,rajasthan,1388552,696532,692020,681591,49.086458411352254,993.5221928066478,0.4908645841135225,0.12554551711242923
banswara,rajasthan,1797485,907754,889731,829343,46.13907765572453,980.1455019752048,0.46139077655724525,0.16251907298166354
chittaurgarh,rajasthan,1544338,783171,761167,821825,53.215358295917085,971.903964779084,0.5321535829591708,0.13963086208249653
kota,rajasthan,1951014,1021161,929853,1298345,66.5471903328218,910.5841292411285,0.665471903328218,0.17640035196635706
baran,rajasthan,1222755,633945,588810,693307,56.70040196114512,928.8029718666446,0.5670040196114512,0.11055503054751166
jhalawar,rajasthan,1411129,725143,685986,739792,52.42554011716859,946.0009956656825,0.5242554011716859,0.12758680986909035
udaipur,rajasthan,3068420,1566801,1501619,1582629,51.57797824287418,958.3980352322982,0.5157797824287418,0.2774302839347177
pratapgarh,rajasthan,867848,437744,430104,401515,46.26559028770015,982.5468767133302,0.4626559028770015,0.0784662194393782
saharanpur,uttar pradesh,3466382,1834106,1632276,2077108,59.92149739988264,889.9572870924582,0.5992149739988264,0.3134119000939228
muzaffarnagar,uttar pradesh,4143512,2193434,1950078,2417339,58.34034027173084,889.0525085322831,0.5834034027173084,0.3746344081471604
bijnor,uttar pradesh,3682713,1921215,1761498,2135393,57.984236078130444,916.8666703101943,0.5798423607813045,0.33297140327597785
moradabad,uttar pradesh,4772006,2503186,2268820,2263848,47.44017505426439,906.3729183528511,0.4744017505426439,0.43145950669014554
rampur,uttar pradesh,2335819,1223889,1111930,1043666,44.68094488485623,908.5219329530701,0.44680944884856233,0.21119238187409428
jyotiba phule nagar,uttar pradesh,1840221,963449,876772,983110,53.42347468048675,910.0346774972002,0.5342347468048675,0.16638303574237887
meerut,uttar pradesh,3443689,1825743,1617946,2141488,62.18587102377712,886.1849668874535,0.6218587102377712,0.31136011923167756
baghpat,uttar pradesh,1303048,700070,602978,797970,61.23872643218055,861.3110117559672,0.6123872643218055,0.11781469832049264
ghaziabad,uttar pradesh,4681645,2488834,2192811,3123264,66.71296093573946,881.0595644386085,0.6671296093573946,0.42328954368422556
gautam buddha nagar,uttar pradesh,1648115,890214,757901,1122947,68.13523328165813,851.369445998378,0.6813523328165814,0.14901382874804206
bulandshahr,uttar pradesh,3499171,1845260,1653911,2031656,58.0610664640282,896.3024180874239,0.580610664640282,0.3163765078007998
aligarh,uttar pradesh,3673889,1951996,1721893,2092567,56.957817723943215,882.1191231949246,0.5695781772394322,0.3321735839339582
mahamaya nagar,uttar pradesh,1564708,836127,728581,942572,60.23948238265542,871.3759991006151,0.6023948238265542,0.14147260958894944
mathura,uttar pradesh,2547184,1367125,1180059,1507746,59.19266138606398,863.1683276949803,0.5919266138606398,0.23030288563950502
agra,uttar pradesh,4418797,2364953,2053844,2680510,60.66153299189803,868.4502398144909,0.6066153299189803,0.3995242197482348
firozabad,uttar pradesh,2498156,1332046,1166110,1521806,60.91717250644075,875.4277254689403,0.6091717250644075,0.22587003356555446
mainpuri,uttar pradesh,1868529,993377,875152,1203885,64.42955929503904,880.986775413564,0.6442955929503904,0.1689424951637175
budaun,uttar pradesh,3681896,1967759,1714137,1547477,42.02935118210835,871.111248887694,0.4202935118210835,0.33289753446337245
bareilly,uttar pradesh,4448359,2357665,2090694,2191759,49.271180675840235,886.7646591012718,0.49271180675840237,0.40219705920752596
pilibhit,uttar pradesh,2031007,1072002,959005,1061095,52.24477315932441,894.5925474019638,0.5224477315932441,0.18363289532834462
shahjahanpur,uttar pradesh,3006538,1606403,1400135,1490930,49.589594410581206,871.5963553354917,0.49589594410581206,0.2718352412644026
kheri,uttar pradesh,4021243,2123187,1898056,2034044,50.58246915195127,893.9655338884422,0.5058246915195127,0.3635794927879808
sitapur,uttar pradesh,4483992,2375264,2108728,2283733,50.93080005495103,887.7867891737508,0.5093080005495103,0.40541880633062055
hardoi,uttar pradesh,4092845,2191442,1901403,2221601,54.28011566526463,867.6492464778898,0.5428011566526463,0.3700533663744825
unnao,uttar pradesh,3108367,1630087,1478280,1773584,57.05838467594078,906.8718418096703,0.5705838467594078,0.28104208008789755
lucknow,uttar pradesh,4589838,2394476,2195362,3127260,68.13443088841044,916.8444369457034,0.6813443088841044,0.4149888410173173
rae bareli,uttar pradesh,3405559,1752542,1653017,1965843,57.72453215463306,943.2110614182142,0.5772453215463306,0.3079126065944145
farrukhabad,uttar pradesh,1885204,1006240,878964,1092677,57.96067693469779,873.5132771505804,0.5796067693469779,0.17045016034143484
kannauj,uttar pradesh,1656616,881776,774840,1017087,61.3954591770211,878.7265700132459,0.6139545917702111,0.14978244414089215
etawah,uttar pradesh,1581810,845856,735954,1062003,67.13846795759288,870.0700828509817,0.6713846795759288,0.14301888184498074
auraiya,uttar pradesh,1379545,740040,639505,930836,67.47413096346983,864.1492351764769,0.6747413096346984,0.1247311518797036
kanpur dehat,uttar pradesh,1796184,963255,832929,1170243,65.15162143744739,864.7024931093013,0.6515162143744739,0.16240144345265542
kanpur nagar,uttar pradesh,4581268,2459806,2121462,3243022,70.78874233072591,862.4509412530907,0.7078874233072591,0.4142139870099387
jalaun,uttar pradesh,1689974,906092,783882,1075196,63.622043889432625,865.1240712863595,0.6362204388943262,0.1527984978139533
jhansi,uttar pradesh,1998603,1057436,941167,1304513,65.27124196251081,890.0463006744617,0.6527124196251082,0.18070309728224251
lalitpur,uttar pradesh,1221592,641011,580581,641191,52.48814661523651,905.727046805749,0.5248814661523651,0.11044987824756052
hamirpur,uttar pradesh,1104285,593537,510748,653299,59.16036168199332,860.5158566357278,0.5916036168199332,0.09984360064621196
mahoba,uttar pradesh,875958,466358,409600,488106,55.72253464207188,878.2952152638102,0.5572253464207187,0.07919948268323353
banda,uttar pradesh,1799410,965876,833534,1002937,55.73699156945888,862.9824118209791,0.5573699156945888,0.16269312128553795
chitrakoot,uttar pradesh,991730,527721,464009,531072,53.55005898782935,879.2695382598001,0.5355005898782935,0.08966697371499911
fatehpur,uttar pradesh,2632733,1384722,1248011,1512166,57.437119525603244,901.2718798430299,0.5743711952560324,0.23803777309309063
pratapgarh,uttar pradesh,3209141,1606085,1603056,1931559,60.18928429757371,998.1140475130519,0.6018928429757371,0.290153531399399
kaushambi,uttar pradesh,1599596,838485,761111,813424,50.851840089622634,907.7216646690161,0.5085184008962264,0.14462699775807702
allahabad,uttar pradesh,5954391,3131807,2822584,3665727,61.56342437035123,901.2637113334251,0.6156342437035123,0.5383644956649767
bara banki,uttar pradesh,3260699,1707073,1553626,1692458,51.90476029832867,910.1110497324953,0.5190476029832867,0.29481513267272735
faizabad,uttar pradesh,2470996,1259628,1211368,1450901,58.71725409510983,961.687101271169,0.5871725409510983,0.22341437022361726
ambedkar nagar,uttar pradesh,2397888,1212410,1185478,1486939,62.010360784156724,977.7863923920125,0.6201036078415673,0.21680433209392858
sultanpur,uttar pradesh,3797117,1914586,1882531,2239902,58.9895439092343,983.2574770733726,0.589895439092343,0.34331520699361345
bahraich,uttar pradesh,3487731,1843884,1643847,1398368,40.09391779354543,891.5132405292306,0.4009391779354543,0.3153421635949175
shrawasti,uttar pradesh,1117361,593897,523464,423313,37.885070268248136,881.4053615357545,0.37885070268248133,0.10102586330671162
balrampur,uttar pradesh,2148665,1114721,1033944,868357,40.413791819571685,927.5361278741497,0.40413791819571687,0.19427090849055545
gonda,uttar pradesh,3433919,1787146,1646773,1679994,48.92351858037421,921.454094964821,0.4892351858037421,0.31047676758032533
siddharthnagar,uttar pradesh,2559297,1295095,1264202,1228926,48.018108097653375,976.1461514406279,0.4801810809765337,0.2313980789407158
basti,uttar pradesh,2464464,1255272,1209192,1393783,56.55521849781535,963.2908246180908,0.5655521849781535,0.2228237813815873
sant kabir nagar,uttar pradesh,1715183,869656,845527,954949,55.67621647369406,972.2545466253323,0.5567621647369406,0.15507776206972998
mahrajganj,uttar pradesh,2684703,1381754,1302949,1419144,52.86037226464156,942.9674167760686,0.5286037226464156,0.24273662522418327
gorakhpur,uttar pradesh,4440895,2277777,2163118,2700328,60.805941144746726,949.6618852503999,0.6080594114474672,0.4015222038620098
kushinagar,uttar pradesh,3564544,1818055,1746489,1954820,54.84067527291009,960.6359543578164,0.5484067527291009,0.3222871882003749
deoria,uttar pradesh,3100946,1537436,1563510,1875239,60.47312658782191,1016.959405139466,0.6047312658782191,0.28037111257462377
azamgarh,uttar pradesh,4613913,2285004,2328909,2771917,60.077357332051996,1019.2144083774033,0.60077357332052,0.4171655749995389
mau,uttar pradesh,2205968,1114709,1091259,1363044,61.788928941852284,978.9631195226737,0.6178892894185228,0.1994519422344077
ballia,uttar pradesh,3239774,1672902,1566872,1963590,60.608857284489595,936.6191205462126,0.6060885728448959,0.2929232050059366
jaunpur,uttar pradesh,4494204,2220465,2273739,2731677,60.782220833767234,1023.9922718889962,0.6078222083376723,0.4063421212808364
ghazipur,uttar pradesh,3620268,1855075,1765193,2197549,60.70127957377741,951.5480506178995,0.6070127957377741,0.32732545712769845
chandauli,uttar pradesh,1952756,1017905,934851,1174606,60.15119144429719,918.4069240253266,0.6015119144429719,0.17655785437952548
varanasi,uttar pradesh,3676841,1921857,1754984,2403903,65.37957447711229,913.1709591296334,0.6537957447711229,0.3324404881381334
sant ravidas nagar (bhadohi),uttar pradesh,1578213,807099,771114,910146,57.669402038888286,955.4143915430449,0.5766940203888828,0.1426936601571697
mirzapur,uttar pradesh,2496970,1312302,1184668,1428683,57.216666599919094,902.7403753099516,0.572166665999191,0.22576280172742716
sonbhadra,uttar pradesh,1862559,971344,891215,985708,52.92224300008751,917.5070829695761,0.5292224300008751,0.16840271938494855
etah,uttar pradesh,1774480,947339,827141,1055202,59.4654208556873,873.1203930166498,0.594654208556873,0.16043908273198515
kanshiram nagar,uttar pradesh,1436719,764165,672554,724850,50.45175848582778,880.1162052698043,0.5045175848582778,0.12990052212682868
pashchim champaran,bihar,3935042,2061110,1873932,1759481,44.713144103671574,909.1858270543543,0.44713144103671576,0.35578565494783615
purba champaran,bihar,5099371,2681209,2418162,2276957,44.65172273207813,901.8923925736487,0.44651722732078125,0.4610581160396769
sheohar,bihar,656246,346673,309573,283698,43.23043492836528,892.9827243540743,0.43230434928365274,0.059334287389282675
sitamarhi,bihar,3423574,1803252,1620322,1436794,41.96766303284229,898.5554986213796,0.4196766303284229,0.30954142747456903
madhubani,bihar,4487379,2329313,2158066,2155338,48.03111125670464,926.481756638116,0.4803111125670464,0.4057250409307362
supaul,bihar,2229076,1155283,1073793,1033283,46.35476762568885,929.4631704958871,0.46354767625688853,0.20154124519852717
araria,bihar,2811569,1463333,1348236,1195768,42.530274021373835,921.3459957507963,0.4253027402137384,0.2542071769744853
kishanganj,bihar,1690400,866970,823430,745056,44.07572172266919,949.7791157710186,0.4407572172266919,0.15283701447756395
purnia,bihar,3264619,1699370,1565249,1332326,40.81107167482637,921.0760458287482,0.4081107167482637,0.295169558309708
katihar,bihar,3071029,1600430,1470599,1280190,41.68602771253544,918.8774266915767,0.4168602771253544,0.2776661758956571
madhepura,bihar,2001762,1047559,954203,834577,41.692119242946966,910.8823464835871,0.4169211924294697,0.18098871733000318
saharsa,bihar,1900661,997174,903487,804996,42.35347597493714,906.0474902073258,0.4235347597493714,0.17184770041051892
darbhanga,bihar,3937385,2059949,1877436,1816634,46.138084032930486,911.3992627972829,0.4613808403293049,0.3559974965976947
muzaffarpur,bihar,4801062,2527497,2273565,2509232,52.264103233826184,899.5322249640652,0.5226410323382619,0.43408659630956115
gopalganj,bihar,2562012,1267666,1294346,1382998,53.98093373489273,1021.0465532719186,0.5398093373489273,0.2316435548602062
siwan,bihar,3330464,1675090,1655374,1930175,57.95513778260326,988.2298861553708,0.5795513778260326,0.30112291444924605
saran,bihar,3951862,2022821,1929041,2157454,54.59335371528662,953.6390021657872,0.5459335371528662,0.3573064302575336
vaishali,bihar,3495021,1844535,1650486,1926740,55.12813799974307,894.7978758874187,0.5512813799974307,0.3160012867820575
samastipur,bihar,4261566,2230003,2031563,2142880,50.28386278659066,911.0135726274807,0.5028386278659066,0.3853082255318826
begusarai,bihar,2970541,1567660,1402881,1548673,52.13437552284247,894.888560019392,0.5213437552284247,0.2685805831893027
khagaria,bihar,1666886,883786,783100,768028,46.07561644887533,886.0742306395439,0.4607561644887533,0.15071100314390007
bhagalpur,bihar,3037766,1615663,1422103,1573066,51.78364627163514,880.1977887715445,0.5178364627163514,0.2746587116194105
banka,bihar,2034763,1067140,967623,965321,47.44144649770023,906.7441947635737,0.4744144649770023,0.18397249295398216
munger,bihar,1367765,729041,638724,801817,58.62242417374329,876.1153350771767,0.5862242417374329,0.1236660666746955
lakhisarai,bihar,1000912,526345,474567,507270,50.68077912943396,901.6272596870873,0.5068077912943396,0.09049716152080424
sheikhpura,bihar,636342,329743,306599,328676,51.65084184290837,929.8120051070076,0.5165084184290837,0.05753467313457288
nalanda,bihar,2877653,1497060,1380593,1519933,52.818494794195125,922.2028509211387,0.5281849479419513,0.26018214222811487
patna,bihar,5838465,3078512,2759953,3459679,59.25665393215511,896.5217611625357,0.5925665393215511,0.5278830807689011
bhojpur,bihar,2728407,1430380,1298027,1599151,58.61116028510409,907.4700429256561,0.5861116028510409,0.246688109417704
buxar,bihar,1706352,887977,818375,989807,58.00719898356259,921.6173391878393,0.5800719898356259,0.15427930982478716
kaimur (bhabua),bihar,1626384,847006,779378,920276,56.584176922547194,920.156409753886,0.5658417692254719,0.14704902683038237
rohtas,bihar,2959918,1543546,1416372,1799832,60.806819648382145,917.609193376809,0.6080681964838215,0.26762010779602585
aurangabad,bihar,2540073,1318684,1221389,1466002,57.71495543632014,926.218108356513,0.5771495543632014,0.22965994668425774
gaya,bihar,4391418,2266566,2124852,2297613,52.32052608064184,937.4763408610206,0.5232052608064184,0.39704875558627245
nawada,bihar,2219146,1144668,1074478,1091012,49.163597167559054,938.6809100979499,0.49163597167559053,0.20064342719464515
jamui,bihar,1760405,916064,844341,858588,48.77218594584769,921.7052520347924,0.4877218594584769,0.15916649578287742
jehanabad,bihar,1125313,585582,539731,618881,54.99634323961422,921.7001205638151,0.5499634323961422,0.10174484102744376
arwal,bihar,700843,363497,337346,386351,55.126611808921545,928.0571779134353,0.5512661180892154,0.06336651191286048
north  district,sikkim,43709,24730,18979,30450,69.66528632547073,767.4484431864132,0.6966528632547073,0.003951936267037295
west district,sikkim,136435,70238,66197,93432,68.48096163008026,942.4670406332755,0.6848096163008026,0.012335730046288712
south district,sikkim,146850,76670,70180,106741,72.68709567585972,915.351506456241,0.7268709567585973,0.013277399181276779
east district,sikkim,283583,151432,132151,214329,75.57893103606351,872.6755243277511,0.7557893103606351,0.025640072809152283
tawang,arunachal pradesh,49977,29151,20826,26073,52.169998199171616,714.418030256252,0.5216999819917162,0.0045186556273930515
west kameng,arunachal pradesh,83947,46155,37792,48492,57.76501840446948,818.8061965117539,0.5776501840446948,0.0075900430988807745
east kameng,arunachal pradesh,78690,38775,39915,38449,48.861354682933026,1029.4003868471953,0.4886135468293303,0.007114733003572828
papum pare,arunachal pradesh,176573,89182,87391,121048,68.55408244748631,979.9174721356327,0.6855408244748631,0.015964795407801054
upper subansiri,arunachal pradesh,83448,41758,41690,45278,54.25893969897421,998.371569519613,0.5425893969897421,0.007544926161928394
west siang,arunachal pradesh,112274,58168,54106,64746,57.66784829969539,930.1677898500894,0.5766784829969539,0.010151220399582356
east siang,arunachal pradesh,99214,50116,49098,62576,63.07174390710988,979.6871258679862,0.6307174390710988,0.008970404374335678
upper siang,arunachal pradesh,35320,18699,16621,18195,51.514722536806346,888.8710626236697,0.5151472253680635,0.003193447320958092
changlang,arunachal pradesh,148226,76948,71278,73174,49.3665079000985,926.3138743047252,0.493665079000985,0.013401809813033244
tirap,arunachal pradesh,111975,57604,54371,47974,42.843491850859564,943.8754253176863,0.42843491850859566,0.010124186403292252
lower subansiri,arunachal pradesh,83030,41843,41187,54057,65.1053835962905,984.3223478240088,0.6510538359629049,0.0075071328159442355
kurung kumey,arunachal pradesh,92076,45318,46758,36606,39.756288283591815,1031.7754534622004,0.3975628828359181,0.008325024222099017
dibang valley,arunachal pradesh,8004,4414,3590,4436,55.42228885557221,813.3212505663797,0.5542228885557221,0.0007236792853043196
lower dibang valley,arunachal pradesh,54080,28053,26027,31849,58.89238165680474,927.7795601183474,0.5889238165680474,0.004889627155079661
lohit,arunachal pradesh,145726,76221,69505,83062,56.998751080795465,911.887799950145,0.5699875108079546,0.013175773054754782
anjaw,arunachal pradesh,21167,11507,9660,9990,47.19610714791893,839.489006691579,0.4719610714791893,0.0019138080249920706
mon,nagaland,250260,131753,118507,119626,47.80068728522337,899.4633898279357,0.4780068728522337,0.022627183650707025
mokokchung,nagaland,194622,101092,93530,159494,81.95065306080505,925.1968503937009,0.8195065306080506,0.01759669038786823
zunheboto,nagaland,140757,71217,69540,102881,73.09121393607423,976.4522515691478,0.7309121393607423,0.012726502394000513
wokha,nagaland,166343,84505,81838,128208,77.07447863751405,968.4397372936513,0.7707447863751404,0.015039852992925592
dimapur,nagaland,378811,197394,181417,278037,73.39728782955089,919.0603564444715,0.733972878295509,0.03425008417608878
phek,nagaland,163418,83743,79675,105893,64.79885936677722,951.4228054882199,0.6479885936677722,0.014775389985739793
tuensang,nagaland,196596,101933,94663,117511,59.77283362835459,928.6786418529819,0.5977283362835459,0.0177751690122049
longleng,nagaland,50484,26502,23982,29859,59.14547183265986,904.9128367670365,0.5914547183265986,0.004564495881971923
kiphire,nagaland,74004,37830,36174,41232,55.71590724825685,956.2252180808882,0.5571590724825685,0.0066910497038556805
kohima,nagaland,267988,138966,129022,197489,73.69322506977925,928.4429284861045,0.7369322506977924,0.024230055511011244
peren,nagaland,95219,49714,45505,62204,65.32729812327372,915.3357203202316,0.6532729812327372,0.008609197634606698
senapati,manipur,479148,247323,231825,264477,55.19735029677678,937.3370046457467,0.5519735029677678,0.043322024262243145
tamenglong,manipur,140651,72371,68280,85006,60.43753688206981,943.4718326401459,0.6043753688206981,0.012716918435449507
churachandpur,manipur,274143,138820,135323,195935,71.4718230996232,974.8091053162369,0.7147182309962319,0.024786558009892816
bishnupur,manipur,237399,118782,118617,156333,65.85242566312411,998.6109006415114,0.658524256631241,0.021464360151419313
thoubal,manipur,422168,210845,211323,269304,63.79071838699285,1002.2670682254737,0.6379071838699285,0.03817019446756047
imphal west,manipur,517992,255054,262938,392626,75.79769571730837,1030.911101178574,0.7579769571730837,0.04683409299767056
imphal east,manipur,456113,226094,230019,324664,71.18060656021645,1017.3600360911835,0.7118060656021644,0.04123932157146541
ukhrul,manipur,183998,94718,89280,129829,70.56000608702269,942.5874701746236,0.7056000608702269,0.01663612457988808
chandel,manipur,144182,74579,69603,90302,62.630564148090606,933.2788050255434,0.6263056414809061,0.013036172752842006
mamit,mizoram,86364,44828,41536,60191,69.69454865453199,926.5637547961095,0.6969454865453198,0.00780857543678439
kolasib,mizoram,83955,42918,41037,65895,78.48847596926926,956.1722354256955,0.7848847596926926,0.007590766416507266
aizawl,mizoram,400309,199270,201039,340595,85.08302336445097,1008.8774025191951,0.8508302336445097,0.03619381946787692
champhai,mizoram,125745,63388,62357,100802,80.16382361127678,983.7350918154856,0.8016382361127679,0.011369196867890013
serchhip,mizoram,64937,32851,32086,54476,83.89054006190617,976.713037654866,0.8389054006190616,0.00587125958893136
lunglei,mizoram,161428,82891,78537,121122,75.03159303218773,947.4731876802065,0.7503159303218773,0.014595464726150139
lawngtlai,mizoram,117894,60599,57295,62861,53.31993146385736,945.477648146009,0.5331993146385736,0.010659351032192337
saiha,mizoram,56574,28594,27980,42233,74.650899706579,978.5269636986781,0.74650899706579,0.005115121425138253
west tripura,tripura,1725739,879428,846311,1361354,78.88527755355823,962.3425681238259,0.7888527755355823,0.15603217967788496
south tripura,tripura,876001,447544,428457,646810,73.83667370242728,957.3516793879484,0.7383667370242728,0.07920337051547592
dhalai,tripura,378230,194544,183686,276217,73.0288448827433,944.1874331770705,0.730288448827433,0.03419755323346487
north tripura,tripura,693947,352860,341087,520402,74.99160598720074,966.6354928300176,0.7499160598720074,0.06274301211882517
west garo hills,meghalaya,643291,324159,319132,358702,55.76045677617129,984.4921782211816,0.5576045677617129,0.05816296490788369
east garo hills,meghalaya,317917,161223,156694,192147,60.439359958731366,971.9084745972968,0.6043935995873136,0.02874437123264535
south garo hills,meghalaya,142334,73170,69164,82062,57.654530892126964,945.2507858411917,0.5765453089212697,0.012869086381122568
west khasi hills,meghalaya,383461,193715,189746,230678,60.15683472373984,979.5111374958057,0.6015683472373984,0.03467051254648672
ribhoi,meghalaya,258840,132531,126309,155859,60.214418173388964,953.0524933789077,0.6021441817338896,0.0234029418051187
east khasi hills,meghalaya,825922,410749,415173,578030,69.98602773627533,1010.770567913738,0.6998602773627534,0.0746754925883451
jaintia hills,meghalaya,395124,196285,198839,187527,47.46029094663954,1013.0116921822861,0.4746029094663954,0.0357250192312074
kokrajhar,assam,887142,452905,434237,489305,55.15520626912039,958.7816429494044,0.5515520626912039,0.08021068072506805
dhubri,assam,1949258,997848,951410,922341,47.31754339343483,953.461849900987,0.4731754339343483,0.17624158374734225
goalpara,assam,1008183,513292,494891,563577,55.90026810608788,964.1510095618089,0.5590026810608788,0.09115456682858132
barpeta,assam,1693622,867004,826618,897058,52.9668367557814,953.4189000281428,0.529668367557814,0.15312833065163323
morigaon,assam,957423,486651,470772,539902,56.39116670478984,967.3708674183347,0.5639116670478984,0.08656511648849545
nagaon,assam,2823768,1439112,1384656,1710716,60.582739091880065,962.1599986658439,0.6058273909188007,0.2553101459401809
sonitpur,assam,1924110,983904,940206,1108572,57.614793333021495,955.5871304517514,0.576147933330215,0.17396783478846756
lakhimpur,assam,1042137,529674,512463,683486,65.58504304136596,967.5064284824251,0.6558504304136596,0.09422450766481606
dhemaji,assam,686133,351249,334884,423028,61.65393589872517,953.4091200259644,0.6165393589872518,0.062036511627150015
tinsukia,assam,1327929,680231,647698,798322,60.11782256430879,952.173599850639,0.6011782256430879,0.12006430655358319
dibrugarh,assam,1326335,676434,649901,884531,66.68986342062902,960.7751827968435,0.6668986342062903,0.11992018551650484
sivasagar,assam,1151050,589216,561834,813505,70.67503583684463,953.5280779883778,0.7067503583684462,0.10407184424656886
jorhat,assam,1092256,556805,535451,794929,72.7786343128351,961.6490512836631,0.727786343128351,0.09875600218007932
golaghat,assam,1066888,543161,523727,721764,67.6513373475004,964.220553390247,0.6765133734750041,0.09646236198647613
karbi anglong,assam,956313,490167,466146,557214,58.26690633715113,950.9942529790867,0.5826690633715113,0.08646475616781982
dima hasao,assam,214102,110802,103300,140873,65.79714341762337,932.2936409090089,0.6579714341762337,0.019357968808373992
cachar,assam,1736617,886284,850333,1174128,67.61007176596797,959.4362529392384,0.6761007176596797,0.1570157108205062
karimganj,assam,1228686,625864,602822,795297,64.72744053403392,963.1836948602253,0.6472744053403392,0.11109128015285148
hailakandi,assam,659296,337890,321406,407366,61.78802844245984,951.2148924206103,0.6178802844245984,0.0596100522343824
bongaigaon,assam,738804,375818,362986,434078,58.75414859692151,965.8558131861698,0.5875414859692151,0.06679874446526393
chirang,assam,482162,244860,237302,259902,53.90345983300219,969.1333823409295,0.5390345983300219,0.043594534178023656
kamrup,assam,1517542,778461,739081,995319,65.58757517090137,949.4130084872588,0.6558757517090137,0.1372081096925647
kamrup metropolitan,assam,1253938,647585,606353,1001191,79.84374028061994,936.3295937984974,0.7984374028061993,0.11337443224087056
nalbari,assam,771639,396006,375633,531771,68.91447943921963,948.5538097907607,0.6891447943921963,0.06976751124849324
baksa,assam,950075,481330,468745,572837,60.293871536457644,973.8536970477635,0.6029387153645764,0.0859007492485634
darrang,assam,928500,475273,453227,487039,52.4543887991384,953.6140281480328,0.524543887991384,0.08395005202462029
udalguri,assam,831668,421617,410051,469926,56.50403766887748,972.5675198106338,0.5650403766887748,0.07519501547357232
darjiling,west bengal,1846823,937259,909564,1315585,71.23503443481049,970.4510706218879,0.7123503443481048,0.16697995361364062
jalpaiguri,west bengal,3872846,1983064,1889782,2498780,64.5205102397565,952.9606709617037,0.645205102397565,0.35016222206068126
koch bihar,west bengal,2819086,1451542,1367544,1850504,65.64198467162761,942.1318845751622,0.6564198467162761,0.254886824299277
uttar dinajpur,west bengal,3007134,1551066,1456068,1489667,49.53776585945289,938.7530898104917,0.49537765859452887,0.2718891284275762
dakshin dinajpur,west bengal,1676276,857199,819077,1083685,64.64836339600399,955.5272462987008,0.6464836339600398,0.15155999720799396
maldah,west bengal,3988845,2051541,1937304,2086432,52.30667022659442,944.3164918468605,0.5230667022659442,0.36065023723009854
murshidabad,west bengal,7103807,3627564,3476243,4055834,57.09380899565543,958.2857807608632,0.5709380899565543,0.6422886022863347
birbhum,west bengal,3502404,1790920,1711484,2158447,61.62758493880204,955.6451432783151,0.6162758493880204,0.3166688185366055
barddhaman,west bengal,7717563,3966889,3750674,5247208,67.99047834141425,945.4950718308478,0.6799047834141425,0.6977811689319167
nadia,west bengal,5167600,2653768,2513832,3480555,67.35341357690223,947.268939862113,0.6735341357690223,0.4672270208319093
north twenty four parganas,west bengal,10009781,5119389,4890392,7608693,76.0125820934544,955.2686853841346,0.760125820934544,0.9050313793269312
hugli,west bengal,5519145,2814653,2704492,4078388,73.89528631699294,960.8616053204428,0.7389528631699294,0.4990118577075099
bankura,west bengal,3596674,1838095,1758579,2232992,62.08491511880143,956.7399943963724,0.6208491511880143,0.32519221261776965
puruliya,west bengal,2930115,1496996,1433119,1624905,55.455331957960695,957.3298793049547,0.554553319579607,0.2649254783932367
haora,west bengal,4850029,2500819,2349210,3605206,74.33369986035136,939.3762603371135,0.7433369986035135,0.4385139330866097
kolkata,west bengal,4496694,2356766,2139928,3588137,79.79500050481532,907.9934113102446,0.7979500050481532,0.40656725389208176
south twenty four parganas,west bengal,8161961,4173778,3988183,5531657,67.77362695068011,955.5330925602656,0.6777362695068011,0.7379612822540892
paschim medinipur,west bengal,5913457,3007885,2905572,4078412,68.96832089926417,965.9850692430064,0.6896832089926417,0.5346634601996284
purba medinipur,west bengal,5095875,2629834,2466041,3923194,76.98764196531508,937.7173616281483,0.7698764196531508,0.46074202623690025
garhwa,jharkhand,1322784,683575,639209,653476,49.4015651837337,935.097099806166,0.49401565183733703,0.11959912290504612
chatra,jharkhand,1042886,533935,508951,510061,48.908605542695945,953.2077874647663,0.48908605542695943,0.09429222827759629
kodarma,jharkhand,716259,367222,349037,390249,54.48434155801184,950.4795464324033,0.5448434155801184,0.06476034497910878
giridih,jharkhand,2445474,1258098,1187376,1253475,51.256934238515726,943.7865730650553,0.5125693423851573,0.2211068061657041
deoghar,jharkhand,1492073,775022,717051,793538,53.18359088328788,925.2008330086113,0.5318359088328788,0.13490533761392703
godda,jharkhand,1313551,677927,635624,604519,46.02173802159185,937.5994760497812,0.4602173802159185,0.1187643239493721
sahibganj,jharkhand,1150567,589391,561176,483263,42.00216067382429,952.1285530318582,0.4200216067382429,0.10402817394486945
pakur,jharkhand,900422,452661,447761,352881,39.19062395188034,989.1751222217068,0.3919062395188034,0.08141138798504324
dhanbad,jharkhand,2684487,1405956,1278531,1722204,64.15393332133849,909.3677184776764,0.6415393332133849,0.242717095648268
bokaro,jharkhand,2062330,1072807,989523,1273520,61.75151406418953,922.3681426388903,0.6175151406418953,0.1864649550801671
lohardaga,jharkhand,461790,232629,229161,259707,56.239199636198265,985.0921424242034,0.5623919963619827,0.041752605842164135
purbi singhbhum,jharkhand,2293919,1176902,1117017,1507699,65.72590400968822,949.116409012815,0.6572590400968822,0.20740400580534726
palamu,jharkhand,1939869,1006302,933567,1024563,52.81609222066026,927.720505375126,0.5281609222066026,0.17539268009795167
latehar,jharkhand,726978,369666,357312,350682,48.23832358063105,966.5806430669847,0.4823832358063105,0.0657295001839035
hazaribagh,jharkhand,1734495,890881,843614,1013249,58.41752210297522,946.9435311786872,0.5841752210297522,0.15682385082007944
ramgarh,jharkhand,949443,494230,455213,596497,62.82599376687173,921.0549744046294,0.6282599376687173,0.0858436071560706
dumka,jharkhand,1321442,668514,652928,672409,50.88448830898366,976.6856041907873,0.5088448830898367,0.11947778637320224
jamtara,jharkhand,791042,404830,386212,426312,53.89246083014555,954.01032532174,0.5389246083014555,0.07152182773684403
ranchi,jharkhand,2914253,1494937,1419316,1911433,65.58912352496506,949.4152596397039,0.6558912352496507,0.2634913203693115
khunti,jharkhand,531885,266335,265550,284575,53.50310687460635,997.0525841515386,0.5350310687460635,0.048090224470775614
gumla,jharkhand,1025213,514390,510823,559720,54.5954840603855,993.0655728144015,0.545954840603855,0.09269432922597419
simdega,jharkhand,599578,300309,299269,343483,57.28745884605506,996.5369003259975,0.5728745884605506,0.054210666982033154
pashchimi singhbhum,jharkhand,1502338,749385,752953,727561,48.42858264917748,1004.7612375481227,0.48428582649177476,0.13583344454341842
saraikela-kharsawan,jharkhand,1065056,544411,520645,612993,57.5550018027221,956.3454816306063,0.575550018027221,0.09629672225000968
bargarh,orissa,1481255,749161,732094,983783,66.41550577044467,977.218515112239,0.6641550577044467,0.13392723135350448
jharsuguda,orissa,579505,296690,282815,405879,70.03891252016807,953.2340153021672,0.7003891252016807,0.052395772642463735
sambalpur,orissa,1041099,526877,514222,703691,67.59117048426711,975.9811113409771,0.675911704842671,0.09413065720277884
debagarh,orissa,312520,158230,154290,197819,63.29802892614873,975.0995386462744,0.6329802892614873,0.02825640307887381
sundargarh,orissa,2093437,1061147,1032290,1342322,64.12048702683673,972.8058412265219,0.6412048702683673,0.18927748525607432
kendujhar,orissa,1801733,906487,895246,1052518,58.41697965236803,987.5993809067312,0.5841697965236803,0.1629031546413303
mayurbhanj,orissa,2519738,1256213,1263525,1369397,54.34680113567363,1005.8206689470654,0.5434680113567363,0.22782136369242076
baleshwar,orissa,2320529,1185787,1134742,1621232,69.8647592854905,956.9526398923247,0.6986475928549051,0.20980994106046322
bhadrak,orissa,1506337,760260,746077,1094140,72.635804604149,981.3445400257806,0.72635804604149,0.13619501294196062
kendrapara,orissa,1440361,717814,722547,1089265,75.62444414976524,1006.5936301047346,0.7562444414976524,0.13022981247628873
jagatsinghapur,orissa,1136971,577865,559106,889027,78.19258362790255,967.5374006039473,0.7819258362790255,0.10279889563864787
cuttack,orissa,2624470,1352760,1271710,2011469,76.64286503560719,940.0854549217895,0.7664286503560719,0.23729067639962864
jajapur,orissa,1827192,926034,901158,1290455,70.62503557371092,973.1370554428887,0.7062503557371091,0.16520502257293482
dhenkanal,orissa,1192811,612593,580218,829910,69.57598479557952,947.1508815804294,0.6957598479557952,0.10784765267155558
anugul,orissa,1273821,655718,618103,869456,68.25574393890508,942.6354011938058,0.6825574393890509,0.11517214778681081
nayagarh,orissa,962789,502636,460153,688362,71.49666230087797,915.4795915931211,0.7149666230087797,0.08705028178646435
khordha,orissa,2251673,1167137,1084536,1749936,77.7171463174271,929.2276742147666,0.777171463174271,0.20358434624925453
puri,orissa,1698730,865380,833350,1291939,76.05322799974098,962.987358154799,0.7605322799974098,0.15359016895614777
ganjam,orissa,3529031,1779218,1749813,2210050,62.62483950976912,983.4730763740025,0.6262483950976911,0.3190762908416777
gajapati,orissa,577817,282882,294935,262537,45.436011747664054,1042.6078718334852,0.4543601174766405,0.05224315262327412
kandhamal,orissa,733110,359945,373165,399786,54.53288046814257,1036.7278334189946,0.5453288046814257,0.06628392314460892
baudh,orissa,441162,221625,219537,271612,61.56740607758601,990.5786802030458,0.6156740607758601,0.0398875313422569
subarnapur,orissa,610183,311312,298871,398421,65.2953294339567,960.0368761885182,0.652953294339567,0.055169514910650384
balangir,orissa,1648997,830097,818900,927260,56.23175785037814,986.5112149543969,0.5623175785037814,0.1490935745163627
nuapada,orissa,610382,301962,308420,299383,49.048464731921975,1021.3867970141939,0.49048464731921976,0.05518750743660935
kalahandi,orissa,1576869,787101,789768,802036,50.86256372596583,1003.3883834476134,0.5086256372596583,0.14257214279591918
rayagada,orissa,967911,471960,495951,407735,42.125257384201646,1050.8326976862445,0.4212525738420165,0.08751338589682525
nabarangapur,orissa,1220946,604812,616134,470379,38.52578246703786,1018.7198666693121,0.38525782467037856,0.11039147034922137
koraput,orissa,1379647,678809,700838,568090,41.17647485190052,1032.4524277079415,0.41176474851900524,0.12474037417944137
malkangiri,orissa,613192,303624,309568,244706,39.906913332202635,1019.5768450451874,0.39906913332202637,0.055441572752914337
koriya,chhattisgarh,658917,334737,324180,397823,60.375282471085136,968.4618073293361,0.6037528247108513,0.05957578506182738
surguja,chhattisgarh,2359886,1193129,1166757,1187941,50.33891467638691,977.8967739448124,0.5033891467638691,0.21336839253868936
jashpur,chhattisgarh,851669,424747,426922,495415,58.16989933882765,1005.1206953786607,0.5816989933882765,0.07700339995450332
raigarh,chhattisgarh,1493984,750278,743706,951639,63.6980717330306,991.240580158288,0.636980717330306,0.1350781201119551
korba,chhattisgarh,1206640,612915,593725,748759,62.05322217065571,968.6906014700244,0.6205322217065571,0.1090979976036487
janjgir - champa,chhattisgarh,1619707,815717,803990,1019634,62.951756089218605,985.6236905691558,0.629517560892186,0.14644532785637226
bilaspur,chhattisgarh,2663629,1351574,1312055,1596560,59.939278330428145,970.7607574576012,0.5993927833042815,0.24083122576659916
kabeerdham,chhattisgarh,822526,412058,410468,414167,50.353058748294885,996.1413199112746,0.5035305874829489,0.07436844425589965
rajnandgaon,chhattisgarh,1537133,762855,774278,1008379,65.60128498965283,1014.974012099285,0.6560128498965283,0.13897942414513803
durg,chhattisgarh,3343872,1682101,1661771,2303378,68.88355774383709,987.9139243125115,0.6888355774383709,0.3023351947912451
raipur,chhattisgarh,4063872,2048186,2015686,2629749,64.71042887177549,984.1323004844287,0.6471042887177549,0.3674337811754418
mahasamund,chhattisgarh,1032754,511967,520787,637963,61.772987565286606,1017.2276728773535,0.6177298756528661,0.09337614650364534
dhamtari,chhattisgarh,799781,397897,401884,546833,68.37284206551544,1010.0201811021445,0.6837284206551544,0.07231196182908221
uttar bastar kanker,chhattisgarh,748941,373338,375603,456042,60.8915789094201,1006.0668884496087,0.608915789094201,0.06771527831273144
bastar,chhattisgarh,1413199,698487,714712,650863,46.05600485140451,1023.2287787746945,0.4605600485140451,0.12777396830494492
narayanpur,chhattisgarh,139820,70104,69716,56621,40.495637247890144,994.4653657423257,0.4049563724789014,0.012641783816997747
dakshin bastar dantewada,chhattisgarh,533638,264142,269496,191237,35.836465918843864,1020.2694005497044,0.35836465918843863,0.04824872144568047
bijapur,chhattisgarh,255230,128663,126567,86919,34.05516592877013,983.7093803191283,0.3405516592877013,0.023076544726164605
sheopur,madhya pradesh,687861,361784,326077,328025,47.687686901859536,901.3029874179068,0.4768768690185954,0.06219274823447209
morena,madhya pradesh,1965970,1068417,897553,1179685,60.00523914403577,840.0774229537717,0.6000523914403577,0.1777525942690821
bhind,madhya pradesh,1703005,926843,776162,1094917,64.29323460588783,837.4255402479168,0.6429323460588783,0.15397669181280396
gwalior,madhya pradesh,2032036,1090327,941709,1357210,66.79064740978998,863.6941027783408,0.6679064740978998,0.18372593205805202
datia,madhya pradesh,786754,420157,366597,491445,62.46488737267304,872.5238422780056,0.6246488737267304,0.07113412948904481
shivpuri,madhya pradesh,1726050,919795,806255,900846,52.19118797253846,876.5594507471774,0.5219118797253846,0.1560602986506148
tikamgarh,madhya pradesh,1445166,760355,684811,747940,51.75460812114318,900.6464085854634,0.5175460812114318,0.13066425512569996
chhatarpur,madhya pradesh,1762375,936121,826254,943033,53.50921341939144,882.6358985643949,0.5350921341939144,0.15934461274840084
panna,madhya pradesh,1016520,533480,483040,552559,54.35790737024357,905.451000974732,0.5435790737024357,0.09190835421008833
sagar,madhya pradesh,2378458,1256257,1122201,1545719,64.98828232409402,893.2893508255079,0.6498828232409402,0.21504757440858838
damoh,madhya pradesh,1264219,661873,602346,747715,59.1444203891889,910.0628066109359,0.591444203891889,0.11430398580561489
satna,madhya pradesh,2228935,1157495,1071440,1371781,61.54423525136444,925.6541064972203,0.6154423525136444,0.20152849672536027
rewa,madhya pradesh,2365106,1225100,1140006,1441757,60.959508791572134,930.5411803118113,0.6095950879157214,0.21384035728997478
umaria,madhya pradesh,644758,330674,314084,356672,55.318739744214106,949.829741679116,0.5531873974421411,0.058295603277641495
neemuch,madhya pradesh,826067,422653,403414,508834,61.59718279510016,954.4803893501288,0.6159718279510016,0.07468860272032526
mandsaur,madhya pradesh,1340411,682851,657560,834591,62.26381311403741,962.9626375300029,0.6226381311403741,0.12119286288031589
ratlam,madhya pradesh,1455069,738241,716828,825880,56.75882037209232,970.9945668149019,0.5675882037209232,0.1315596319325926
ujjain,madhya pradesh,1986864,1016289,970575,1240990,62.45973554304673,955.0187003893577,0.6245973554304673,0.17964171908007018
shajapur,madhya pradesh,1512681,780520,732161,894612,59.14082347831433,938.0425869932866,0.5914082347831433,0.13676860381976805
dewas,madhya pradesh,1563715,805359,758356,925369,59.17759949862986,941.6372077545542,0.5917759949862986,0.14138282778856123
dhar,madhya pradesh,2185793,1112725,1073068,1077338,49.28819883676084,964.3604664225213,0.49288198836760844,0.19762782559510053
indore,madhya pradesh,3276697,1699627,1577070,2309130,70.47127030665331,927.8918256770456,0.7047127030665331,0.29626158709630285
khargone (west nimar),madhya pradesh,1873046,953121,919925,986234,52.654019175183095,965.1712636695655,0.526540191751831,0.16935089837857503
barwani,madhya pradesh,1385881,699340,686541,549926,39.68060749804636,981.6984585466296,0.3968060749804636,0.12530401943988453
rajgarh,madhya pradesh,1545814,790212,755602,804245,52.0272814193687,956.201626905185,0.520272814193687,0.13976431418458415
vidisha,madhya pradesh,1458875,769568,689307,862918,59.1495501670808,895.7064223044617,0.591495501670808,0.1319037502933957
bhopal,madhya pradesh,2371061,1236130,1134931,1660690,70.03995257819179,918.1323970779772,0.7003995257819179,0.21437877684819406
sehore,madhya pradesh,1311332,683743,627589,780362,59.509109821158944,917.872650981436,0.5950910982115895,0.11856369372272414
raisen,madhya pradesh,1331597,700358,631239,820220,61.59671432122481,901.3090448028008,0.6159671432122481,0.12039594768532935
betul,madhya pradesh,1575362,799236,776126,939769,59.654162027521295,971.0848860661932,0.596541620275213,0.14243588783802894
harda,madhya pradesh,570465,294838,275627,352550,61.80046102740746,934.8421845216695,0.6180046102740746,0.051578423724528824
hoshangabad,madhya pradesh,1241350,648725,592625,810644,65.3034196640754,913.5226791013141,0.653034196640754,0.11223629195558685
katni,madhya pradesh,1292042,662013,630029,790773,61.20335097465872,951.6867493538647,0.6120335097465872,0.11681959409584754
jabalpur,madhya pradesh,2463289,1277278,1186011,1756468,71.30580293258323,928.5457042241392,0.7130580293258323,0.22271754410519642
narsimhapur,madhya pradesh,1091854,568810,523044,718785,65.83160385912402,919.5407956962782,0.6583160385912401,0.09871965546934815
dindori,madhya pradesh,704524,351913,352611,378714,53.754591752729496,1001.9834447718612,0.537545917527295,0.06369932843574969
mandla,madhya pradesh,1054905,525272,529633,604962,57.347533664168814,1008.3023652507652,0.5734753366416881,0.09537892259669581
chhindwara,madhya pradesh,2090922,1064468,1026454,1294198,61.89604394616346,964.2882641845504,0.6189604394616346,0.1890500922772462
seoni,madhya pradesh,1379131,695879,683252,864194,62.66221265420037,981.8546040331724,0.6266221265420037,0.12469372019253269
balaghat,madhya pradesh,1701698,842178,859520,1147623,67.43987476038639,1020.5918463792689,0.6743987476038639,0.15385851979557597
guna,madhya pradesh,1241519,649362,592157,653980,52.67579473209834,911.9058398859188,0.5267579473209834,0.11225157204044647
ashoknagar,madhya pradesh,845071,443837,401234,469109,55.51119373401762,904.0120584809288,0.5551119373401762,0.07640684374205481
shahdol,madhya pradesh,1066063,540021,526042,604194,56.67526215617651,974.1139696419214,0.5667526215617651,0.09638776985624424
anuppur,madhya pradesh,749237,379114,370123,436595,58.27194866243926,976.2841783737873,0.5827194866243925,0.0677420410649116
sidhi,madhya pradesh,1127033,575912,551121,600785,53.306779836970165,956.9534928947478,0.5330677983697016,0.10190035431713934
singrauli,madhya pradesh,1178273,613637,564636,585054,49.65351832724674,920.1466013294505,0.49653518327246743,0.10653320371481467
jhabua,madhya pradesh,1025048,515023,510025,352081,34.34775737331325,990.2955790323928,0.3434775737331325,0.09267941079992781
alirajpur,madhya pradesh,728999,362542,366457,209754,28.77287897514263,1010.7987488346178,0.2877287897514263,0.06591222829929581
khandwa (east nimar),madhya pradesh,1310061,674329,635732,731615,55.845872825769185,942.7623608060753,0.5584587282576918,0.11844877663481537
burhanpur,madhya pradesh,757847,388504,369343,408679,53.92632022030832,950.6800444783065,0.5392632022030832,0.06852051166042263
kachchh,gujarat,2092371,1096737,995634,1252319,59.851670664523645,907.8147267758816,0.5985167066452365,0.1891811031823444
banas kantha,gujarat,3120506,1610379,1510127,1704923,54.63610709288814,937.7463317641375,0.5463610709288814,0.28213962417139443
patan,gujarat,1343734,694397,649337,837913,62.3570587631183,935.1091666582661,0.623570587631183,0.12149331093941962
mahesana,gujarat,2035064,1056520,978544,1502645,73.83772697074883,926.1954340665582,0.7383772697074883,0.1839997077796789
sabar kantha,gujarat,2428589,1244231,1184358,1578734,65.00622377849854,951.8795143345569,0.6500622377849854,0.2195801539002914
gandhinagar,gujarat,1391753,723864,667889,1030494,74.04287973512541,922.6719383751644,0.7404287973512541,0.12583493457772899
ahmadabad,gujarat,7214225,3788051,3426174,5435760,75.34780243200066,904.4688152297844,0.7534780243200067,0.6522720129965711
surendranagar,gujarat,1756268,909917,846351,1093626,62.269881362070024,930.1408809814523,0.6226988136207002,0.1587924501552782
rajkot,gujarat,3804558,1974445,1830113,2725056,71.62608639426709,926.8999642937636,0.7162608639426709,0.3439879828009535
jamnagar,gujarat,2160119,1114192,1045927,1396534,64.65079007221361,938.7313856139697,0.6465079007221362,0.19530651850228406
porbandar,gujarat,585449,300209,285240,393678,67.24377358232742,950.1380704775672,0.6724377358232743,0.052933197638946605
junagadh,gujarat,2743082,1404356,1338726,1842818,67.18056550988997,953.2668354747657,0.6718056550988998,0.24801494518879855
amreli,gujarat,1514190,771049,743141,995459,65.74201388200952,963.805153758062,0.6574201388200952,0.13690503960706493
bhavnagar,gujarat,2880365,1490201,1390164,1887255,65.52138357465113,932.8701295999667,0.6552138357465113,0.26042734690349534
anand,gujarat,2092745,1087224,1005521,1551253,74.12527565470232,924.8517324856699,0.7412527565470232,0.18921491828138284
kheda,gujarat,2299885,1185727,1114158,1660243,72.18808766525284,939.6412496299739,0.7218808766525284,0.207943419925303
panch mahals,gujarat,2390776,1226961,1163815,1440805,60.26516076788457,948.5346315001048,0.6026516076788457,0.21616130272397802
dohad,gujarat,2127086,1068651,1058435,1007171,47.349801559504414,990.4402840590614,0.4734980155950441,0.1923198496077991
vadodara,gujarat,4165626,2153736,2011890,2893080,69.45126614823319,934.1395602803686,0.6945126614823319,0.37663383889618834
narmada,gujarat,590297,301086,289211,370336,62.73723227460075,960.5594414884783,0.6273723227460075,0.0533715281206002
bharuch,gujarat,1551019,805707,745312,1118276,72.09943914291186,925.0409888458211,0.7209943914291186,0.1402349227153199
the dangs,gujarat,228291,113821,114470,140968,61.749258621671466,1005.7019354952075,0.6174925862167147,0.020640863033659224
navsari,gujarat,1329672,678165,651507,1001909,75.35008633708162,960.6909822830727,0.7535008633708162,0.12022189938145493
valsad,gujarat,1705678,887222,818456,1170657,68.63294244282918,922.4929048197633,0.6863294244282918,0.15421837031475527
surat,gujarat,6081322,3402224,2679098,4571410,75.17131965714033,787.4549118458984,0.7517131965714033,0.549840924370994
tapi,gujarat,807022,402188,404834,490036,60.7215168855372,1006.5790127999841,0.607215168855372,0.07296665469575994
diu,daman and diu,52074,25642,26432,38058,73.08445673464685,1030.808829264488,0.7308445673464685,0.004708255260237024
daman,daman and diu,191173,124659,66514,150348,78.64499693994445,533.5675723373362,0.7864499693994444,0.017284850076147263
dadra and nagar haveli,dadra and nagar haveli,343709,193760,149949,223230,64.94738281511395,773.8903798513626,0.6494738281511395,0.031076347260452573
nandurbar,maharashtra,1648295,833170,815125,906509,54.99676938897466,978.3417549839769,0.5499676938897466,0.14903010339463812
dhule,maharashtra,2050862,1054031,996831,1293916,63.09132452597981,945.7321463979712,0.6309132452597981,0.18542807926259214
jalgaon,maharashtra,4229917,2197365,2032552,2891882,68.36734621506758,924.9951646631306,0.6836734621506758,0.3824466905867806
buldana,maharashtra,2586258,1337560,1248698,1879874,72.68702503771858,933.5641017973026,0.7268702503771859,0.23383574975669402
akola,maharashtra,1813906,932334,881572,1411281,77.80342531531403,945.553846582877,0.7780342531531403,0.16400377282473977
washim,maharashtra,1197160,620302,576858,869917,72.66505730228207,929.9631469832436,0.7266505730228207,0.10824086621625678
amravati,maharashtra,2888445,1480768,1407677,2251875,77.96149831483721,950.639803129187,0.7796149831483722,0.2611578977062513
wardha,maharashtra,1300774,668385,632389,1019458,78.37318396585418,946.1448117477203,0.7837318396585418,0.11760909528516254
nagpur,maharashtra,4653570,2384975,2268595,3673808,78.94601349071789,951.2028427970944,0.7894601349071789,0.4207511508887585
bhandara,maharashtra,1200334,605520,594814,899860,74.9674673882436,982.3193288413264,0.749674673882436,0.10852784248456711
gondiya,maharashtra,1322507,661554,660953,1004243,75.93479656440381,999.0915329663187,0.7593479656440381,0.11957407803222886
gadchiroli,maharashtra,1072942,541328,531614,708365,66.02081007174667,982.0552419235657,0.6602081007174667,0.09700973260032325
chandrapur,maharashtra,2204307,1123834,1080473,1578615,71.61502458595831,961.4168996488805,0.7161502458595831,0.1993017634122075
yavatmal,maharashtra,2772348,1419965,1352383,2022574,72.9552711275785,952.4058691587469,0.729552711275785,0.25066102189590955
nanded,maharashtra,3361292,1730075,1631217,2189425,65.13641183211693,942.8591246044247,0.6513641183211694,0.3039102189229294
hingoli,maharashtra,1177345,606294,571051,790743,67.16323592489883,941.8714353102621,0.6716323592489882,0.1064492988701417
parbhani,maharashtra,1836086,942870,893216,1157814,63.058810970727954,947.3373847932377,0.6305881097072795,0.16600917094418627
jalna,maharashtra,1959046,1011473,947573,1195523,61.02577479038267,936.8248089667248,0.6102577479038267,0.1771265628633541
aurangabad,maharashtra,3701282,1924469,1776813,2503837,67.64783121091557,923.2744201127687,0.6764783121091557,0.33465031390176697
nashik,maharashtra,6107187,3157186,2950001,4345366,71.15167752354725,934.3766886081467,0.7115167752354725,0.5521795006721429
thane,maharashtra,11060148,5865078,5195070,8227161,74.38563209099914,885.7631560910188,0.7438563209099914,1.0
mumbai suburban,maharashtra,9356962,5031323,4325639,7575485,80.96094651234023,859.741861136723,0.8096094651234023,0.8460069431258966
mumbai,maharashtra,3085411,1684608,1400803,2509022,81.31889074097421,831.53054004255,0.8131889074097421,0.2789665201586814
raigarh,maharashtra,2634200,1344345,1289855,1939994,73.64642016551515,959.4672498502988,0.7364642016551515,0.23817041146284842
pune,maharashtra,9429408,4924105,4505303,7171723,76.05698045943076,914.9486048733729,0.7605698045943076,0.8525571267219932
ahmadnagar,maharashtra,4543159,2342825,2200334,3151890,69.37661657890469,939.1798363087298,0.6937661657890469,0.4107683730814452
bid,maharashtra,2585049,1349106,1235943,1718507,66.4787011774245,916.1200083610925,0.6647870117742449,0.23372643838039056
latur,maharashtra,2454196,1273140,1181056,1650672,67.25917571375717,927.6717407355043,0.6725917571375717,0.221895403207986
osmanabad,maharashtra,1657576,861535,796041,1137810,68.64300641418554,923.9798731334189,0.6864300641418554,0.14986924225607107
solapur,maharashtra,4317756,2227852,2089904,2910676,67.41177593175715,938.080267450441,0.6741177593175715,0.39038862771094923
satara,maharashtra,3003741,1510842,1492899,2225694,74.09740054152472,988.1238408781329,0.7409740054152472,0.2715823513392407
ratnagiri,maharashtra,1615069,761121,853948,1199392,74.26258568519364,1121.9608971503874,0.7426258568519364,0.14602598446241408
sindhudurg,maharashtra,849651,417332,432319,666067,78.39301077736623,1035.9114565861234,0.7839301077736622,0.07682094308322095
kolhapur,maharashtra,3876001,1980658,1895343,2825845,72.90619894060914,956.9259306755634,0.7290619894060915,0.3504474804496287
sangli,maharashtra,2822143,1435728,1386415,2049467,72.62094798172878,965.6529649070019,0.7262094798172878,0.2551632220472999
adilabad,andhra pradesh,2741239,1369597,1371642,1483347,54.112282803506005,1001.4931399528475,0.5411228280350601,0.24784831089059567
nizamabad,andhra pradesh,2551335,1250641,1300694,1389810,54.47383428675576,1040.0218767815863,0.5447383428675576,0.23067819707295056
karimnagar,andhra pradesh,3776269,1880800,1895469,2206829,58.43940143035361,1007.7993407060826,0.5843940143035361,0.34143024125897775
medak,andhra pradesh,3033288,1523030,1510258,1637137,53.972356070376435,991.6140850803989,0.5397235607037644,0.27425383457798214
hyderabad,andhra pradesh,3943323,2018575,1924748,2892155,73.34309160066269,953.5181997200996,0.7334309160066269,0.3565343791059577
rangareddy,andhra pradesh,5296741,2701008,2595733,3538028,66.79631871749062,961.0238103700544,0.6679631871749062,0.47890326603224476
mahbubnagar,andhra pradesh,4053028,2050386,2002642,1940646,47.881386459703705,976.7146283675366,0.47881386459703706,0.3664533241327331
nalgonda,andhra pradesh,3488809,1759772,1729037,2001019,57.35536109887357,982.5346692639728,0.5735536109887357,0.31543963064508723
warangal,andhra pradesh,3512576,1759281,1753295,2065023,58.78941836418628,996.5974736270101,0.5878941836418629,0.3175885168986889
khammam,andhra pradesh,2797370,1390988,1406382,1630234,58.27738196949277,1011.0669538486314,0.5827738196949277,0.252923378602167
srikakulam,andhra pradesh,2703114,1341738,1361376,1495381,55.32067829917643,1014.6362404582713,0.5532067829917643,0.24440125032684915
vizianagaram,andhra pradesh,2344474,1161477,1182997,1238388,52.82157106455435,1018.5281327137774,0.5282157106455435,0.2119749211312543
visakhapatnam,andhra pradesh,4290589,2138910,2151679,2568249,59.857725827386396,1005.9698631545974,0.598577258273864,0.38793233146608885
east godavari,andhra pradesh,5154296,2569688,2584608,3288577,63.80264152466215,1005.8061523422299,0.6380264152466215,0.46602414361905464
west godavari,andhra pradesh,3936966,1964918,1972048,2652389,67.37139716218022,1003.6286501523219,0.6737139716218021,0.3559596128370072
krishna,andhra pradesh,4517398,2267375,2250023,3009718,66.62503503122815,992.347097414411,0.6662503503122815,0.4084391999094406
guntur,andhra pradesh,4887813,2440521,2447292,2960441,60.56780404651324,1002.7744075957552,0.6056780404651324,0.44193016223652704
prakasam,andhra pradesh,3397448,1714764,1682684,1904435,56.054868242280676,981.2918862304084,0.5605486824228068,0.30717925293585585
sri potti sriramulu nellore,andhra pradesh,2963557,1492974,1470583,1832189,61.82398381404508,985.0024179925438,0.6182398381404508,0.267949126901376
y.s.r.,andhra pradesh,2882469,1451777,1430692,1716766,59.55887123157265,985.4764195878569,0.5955887123157265,0.2606175794392625
kurnool,andhra pradesh,4053463,2039227,2014236,2127161,52.47762222080231,987.7448660693489,0.5247762222080231,0.3664926545286736
anantapur,andhra pradesh,4081148,2064495,2016653,2310960,56.62524368143473,976.8262940816035,0.5662524368143473,0.36899578558984925
chittoor,andhra pradesh,4174064,2090204,2083860,2667878,63.915598802509976,996.9648895514505,0.6391559880250998,0.37739675816272983
belgaum,karnataka,4779661,2423063,2356598,3052032,63.85457043920061,972.5698423854435,0.6385457043920061,0.4321516312439942
bagalkot,karnataka,1889752,950111,939641,1113412,58.9184189248113,988.9802349409701,0.589184189248113,0.17086136641209504
bijapur,karnataka,2177331,1111022,1066309,1248268,57.330190035414915,959.755072356803,0.5733019003541492,0.1968627363756796
bidar,karnataka,1703300,870665,832635,1042673,61.21487700346386,956.320743339861,0.6121487700346386,0.15400336415028082
raichur,karnataka,1928812,964511,964301,979769,50.79650064391967,999.7822730896796,0.5079650064391967,0.1743929647234377
koppal,karnataka,1389920,699926,689994,809085,58.210904224703576,985.8099284781534,0.5821090422470357,0.1256692044265592
gadag,karnataka,1064570,537147,527423,700177,65.77087462543562,981.8969481352405,0.6577087462543563,0.09625278070420035
dharwad,karnataka,1847023,937206,909817,1301664,70.47362160622797,970.7759019895306,0.7047362160622797,0.1669980365543029
uttara kannada,karnataka,1437169,726256,710913,1081906,75.28036020815924,978.8738406291995,0.7528036020815924,0.1299412087433188
haveri,karnataka,1597668,819128,778540,1085443,67.93920889696733,950.4497465597562,0.6793920889696733,0.14445267821009267
bellary,karnataka,2452595,1236954,1215641,1421621,57.96395246667305,982.7697715517311,0.5796395246667305,0.2217506492679845
chitradurga,karnataka,1659456,840843,818613,1087392,65.52701608237881,973.5622464598029,0.6552701608237881,0.15003922189829647
davanagere,karnataka,1945497,986400,959097,1308540,67.25993409396159,972.3205596107056,0.6725993409396159,0.17590153404818815
shimoga,karnataka,1752753,877415,875338,1263016,72.058983781514,997.6328191334774,0.72058983781514,0.1584746424731387
udupi,karnataka,1177361,562131,615230,926429,78.68691081155228,1094.4601881056194,0.7868691081155228,0.10645074550539468
chikmagalur,karnataka,1137961,566622,571339,818345,71.91327295047897,1008.324773835114,0.7191327295047897,0.10288840619492615
tumkur,karnataka,2678980,1350594,1328386,1813391,67.68960574547029,983.5568646092015,0.6768960574547029,0.2422191818771322
bangalore,karnataka,9621551,5022661,4598890,7512276,78.07759892349996,915.6281899176552,0.7807759892349996,0.8699296790603526
mandya,karnataka,1805769,905085,900684,1149649,63.66534146947921,995.1374732759907,0.6366534146947921,0.16326806838389504
hassan,karnataka,1776421,883667,892754,1225256,68.9732895524203,1010.2832854457617,0.689732895524203,0.16061457767111254
dakshina kannada,karnataka,2089649,1034714,1054935,1666323,79.74176524382803,1019.542598244539,0.7974176524382802,0.1889349943599308
kodagu,karnataka,554519,274608,279911,412877,74.4567814628534,1019.311163549496,0.7445678146285339,0.050136670865525486
mysore,karnataka,3001127,1511600,1489527,1962180,65.38143837298455,985.3975919555438,0.6538143837298455,0.2713460073047847
chamarajanagar,karnataka,1020791,512231,508560,565279,55.37656582003564,992.833311533273,0.5537656582003564,0.09229451540793125
gulbarga,karnataka,2566326,1301755,1264571,1427368,55.61912243417243,971.435485171941,0.5561912243417243,0.2320336038902915
yadgir,karnataka,1174271,590329,583942,510003,43.43145662287496,989.1806094567605,0.4343145662287496,0.1061713640721625
kolar,karnataka,1536401,776396,760005,1016219,66.14282339050807,978.8883507900607,0.6614282339050807,0.13891324058231408
chikkaballapura,karnataka,1255104,636437,618667,783222,62.4029562490439,972.0789331858456,0.6240295624904391,0.11347985578493162
bangalore rural,karnataka,990923,509172,481751,688749,69.50580418458347,946.1458996174181,0.6950580418458346,0.08959400904942683
ramanagara,karnataka,1082636,548008,534628,674758,62.32547227322941,975.5842980394447,0.6232547227322941,0.09788621273422381
north goa,goa,818008,416677,401331,663060,81.05788696443066,963.1705133712684,0.8105788696443067,0.07395995062633881
south goa,goa,640537,322463,318074,502427,78.43840402662141,986.3891361179423,0.7843840402662141,0.05791396281496414
lakshadweep,lakshadweep,64473,33123,31350,52553,81.51164053169543,946.4722398333483,0.8151164053169544,0.005829307166594877
kasaragod,kerala,1307375,628613,678762,1037492,79.35687924275744,1079.7772238245154,0.7935687924275744,0.118205922741721
kannur,kerala,2523003,1181446,1341557,2138434,84.75748938863728,1135.5212172202537,0.8475748938863729,0.22811656769873243
wayanad,kerala,817420,401684,415736,645585,78.97837097208289,1034.9827227372762,0.7897837097208289,0.07390678678079173
kozhikode,kerala,3086293,1470942,1615351,2615443,84.74383345975252,1098.1745031415242,0.8474383345975253,0.27904626592700205
malappuram,kerala,4112920,1960328,2152592,3311315,80.51007556675063,1098.0774645875588,0.8051007556675063,0.37186844154345855
palakkad,kerala,2809934,1359478,1450456,2239492,79.69909613535407,1066.9212741949484,0.7969909613535406,0.2540593489345712
thrissur,kerala,3121200,1480763,1640437,2678548,85.81789055491478,1107.8322459434764,0.8581789055491478,0.2822023719754925
ernakulam,kerala,3282388,1619557,1662831,2855676,86.99995247362591,1026.7196523493772,0.8699995247362591,0.29677613717284795
idukki,kerala,1108974,552808,556166,923010,83.23098647939446,1006.0744417591641,0.8323098647939446,0.10026755519003905
kottayam,kerala,1974551,968289,1006262,1749798,88.61751355118201,1039.2165975240864,0.8861751355118201,0.1785284428381971
alappuzha,kerala,2127789,1013142,1114647,1852797,87.07616215705599,1100.1883250324238,0.8707616215705599,0.192383411144227
pathanamthitta,kerala,1197412,561716,635696,1062553,88.73746045638427,1131.703565502852,0.8873746045638427,0.10826365072149124
kollam,kerala,2635375,1246968,1388407,2240273,85.00775032016317,1113.426326898525,0.8500775032016317,0.2382766487392393
thiruvananthapuram,kerala,3301427,1581678,1719749,2785408,84.36981947503307,1087.2940004223365,0.8436981947503307,0.29849754270919343
thiruvallur,tamil nadu,3728104,1876062,1852042,2791721,74.88313094269903,987.1965851874832,0.7488313094269903,0.3370754170739849
chennai,tamil nadu,4646732,2335844,2310888,3776276,81.267350903818,989.3160673401135,0.81267350903818,0.42013289514751523
kancheepuram,tamil nadu,3998252,2012958,1985294,3013382,75.36748559120335,986.2570406337339,0.7536748559120334,0.36150076834414874
vellore,tamil nadu,3936331,1961688,1974643,2773928,70.46988680575896,1006.6040063455555,0.7046988680575896,0.3559021995004045
tiruvannamalai,tamil nadu,2464875,1235889,1228986,1626813,65.9998174349612,994.4145469374677,0.659998174349612,0.22286094182464827
viluppuram,tamil nadu,3458873,1740819,1718054,2195776,63.48241175666178,986.9228219590894,0.6348241175666178,0.3127329760867576
salem,tamil nadu,3482056,1781571,1700485,2285562,65.63828956225862,954.4862371468777,0.6563828956225862,0.31482906015362544
namakkal,tamil nadu,1726601,869280,857321,1176131,68.11828557958671,986.2426375851279,0.6811828557958671,0.15611011715213938
erode,tamil nadu,2251744,1129868,1121876,1492662,66.28915187516876,992.9266073559036,0.6628915187516875,0.20359076569318965
the nilgiris,tamil nadu,735394,360143,375251,569647,77.46146963396492,1041.9500031931761,0.7746146963396492,0.06649043032697212
dindigul,tamil nadu,2159775,1080938,1078837,1481834,68.61057286059891,998.0563177536546,0.6861057286059891,0.19527541584434494
karur,tamil nadu,1064493,528184,536309,727044,68.29955669036809,1015.3828968692728,0.6829955669036809,0.09624581877204537
tiruchirappalli,tamil nadu,2722290,1352284,1370006,2038981,74.89947801299641,1013.1052352908116,0.7489947801299641,0.24613504267754827
perambalur,tamil nadu,565223,282157,283066,375823,66.49110174214425,1003.2216106635667,0.6649110174214425,0.051104469849770545
ariyalur,tamil nadu,754894,374703,380191,480604,63.66509735141622,1014.6462665097424,0.6366509735141622,0.06825351704154412
cuddalore,tamil nadu,2605914,1311697,1294217,1815281,69.66005017817164,986.6737516362391,0.6966005017817164,0.2356129411649826
nagapattinam,tamil nadu,1616450,798127,818323,1213008,75.0414797859507,1025.3042435602354,0.750414797859507,0.1461508471676871
thiruvarur,tamil nadu,1264277,626693,637584,946471,74.86262899665184,1017.378525051341,0.7486262899665184,0.11430922985840695
thanjavur,tamil nadu,2405890,1182416,1223474,1790998,74.44222304427883,1034.7238197047402,0.7444222304427883,0.21752783054982627
pudukkottai,tamil nadu,1618345,803188,815157,1110545,68.62226533897284,1014.9018660637361,0.6862226533897284,0.14632218303046216
sivaganga,tamil nadu,1339101,668672,670429,959744,71.67077016595462,1002.6275961906586,0.7167077016595462,0.12107441961897797
madurai,tamil nadu,3038252,1526475,1511777,2273430,74.82690705050142,990.3712802371477,0.7482690705050142,0.27470265316521986
theni,tamil nadu,1245899,625683,620216,870080,69.83551636208072,991.2623485055532,0.6983551636208073,0.11264758844095034
virudhunagar,tamil nadu,1942288,967709,974579,1398788,72.01753807880192,1007.0992416108562,0.7201753807880192,0.1756113932652619
ramanathapuram,tamil nadu,1353445,682658,670787,978946,72.32994321897085,982.610619080125,0.7232994321897085,0.12237132812327647
thoothukkudi,tamil nadu,1750176,865021,885155,1349697,77.11778701113488,1023.2757355023751,0.7711778701113488,0.15824164378270525
tirunelveli,tamil nadu,3077233,1520912,1556321,2273457,73.87991094596997,1023.2814258813132,0.7387991094596997,0.27822710871500095
kanniyakumari,tamil nadu,1870374,926345,944029,1548738,82.8036531731087,1019.090079829869,0.828036531731087,0.16910931029132703
dharmapuri,tamil nadu,1506843,774303,732540,917709,60.902761601573616,946.0637502373102,0.6090276160157362,0.1362407627818362
krishnagiri,tamil nadu,1879809,960232,919577,1187958,63.195675730885426,957.6612735255646,0.6319567573088543,0.16996237301706993
coimbatore,tamil nadu,3458045,1729297,1728748,2635907,76.22535276435094,999.682529952923,0.7622535276435094,0.3126581127124158
tiruppur,tamil nadu,2479052,1246159,1232893,1760566,71.0177116091151,989.3544884721773,0.710177116091151,0.22414275107349377
yanam,pondicherry,55626,27301,28325,39274,70.60367454068242,1037.5077835976706,0.7060367454068242,0.005029408286399061
pondicherry,pondicherry,950289,468258,482031,726649,76.46610662651047,1029.41327217047,0.7646610662651047,0.08592009799507204
mahe,pondicherry,41816,19143,22673,36470,87.21541993495313,1184.4016089432168,0.8721541993495313,0.0037807812336688442
karaikal,pondicherry,200222,97809,102413,154916,77.3721169501853,1047.071332903925,0.773721169501853,0.01810301272641198
nicobars,andaman and nicobar islands,36842,20727,16115,25332,68.7584821670919,777.4883002846528,0.6875848216709189,0.003331058499398019
north  and middle andaman,andaman and nicobar islands,105597,54861,50736,78683,74.51253350000474,924.8099742986822,0.7451253350000474,0.009547521425572244
south andaman,andaman and nicobar islands,238142,127283,110859,190266,79.89602842001831,870.9647007063002,0.7989602842001831,0.02153153827597967
